<?xml version="1.0" encoding="UTF-8"?>
<!DOCTYPE nmaprun>
<?xml-stylesheet href="file:///usr/share/nmap/nmap.xsl" type="text/xsl"?>
<!-- Nmap 7.98 scan initiated Wed Feb  4 10:52:24 2026 as: /usr/lib/nmap/nmap -sS -sV -sC -O -p- -T4 -&#45;min-rate 1000 -&#45;open -oA full_scan 192.168.122.236 -->
<nmaprun scanner="nmap" args="/usr/lib/nmap/nmap -sS -sV -sC -O -p- -T4 -&#45;min-rate 1000 -&#45;open -oA full_scan 192.168.122.236" start="1770220344" startstr="Wed Feb  4 10:52:24 2026" version="7.98" xmloutputversion="1.05">
<scaninfo type="syn" protocol="tcp" numservices="65535" services="1-65535"/>
<verbose level="0"/>
<debugging level="0"/>
<hosthint><status state="up" reason="arp-response" reason_ttl="0"/>
<address addr="192.168.122.236" addrtype="ipv4"/>
<address addr="52:54:00:F9:F3:5A" addrtype="mac" vendor="QEMU virtual NIC"/>
<hostnames>
</hostnames>
</hosthint>
<host starttime="1770220346" endtime="1770220367"><status state="up" reason="arp-response" reason_ttl="0"/>
<address addr="192.168.122.236" addrtype="ipv4"/>
<address addr="52:54:00:F9:F3:5A" addrtype="mac" vendor="QEMU virtual NIC"/>
<hostnames>
<hostname name="debian2022" type="PTR"/>
</hostnames>
<ports><extraports state="closed" count="65531">
<extrareasons reason="reset" count="65531" proto="tcp" ports="1-138,140-444,446-8079,8081-12110,12112-65535"/>
</extraports>
<port protocol="tcp" portid="139"><state state="open" reason="syn-ack" reason_ttl="64"/><service name="netbios-ssn" product="Samba smbd" version="4" method="probed" conf="10"><cpe>cpe:/a:samba:samba:4</cpe></service></port>
<port protocol="tcp" portid="445"><state state="open" reason="syn-ack" reason_ttl="64"/><service name="netbios-ssn" product="Samba smbd" version="4" method="probed" conf="10"><cpe>cpe:/a:samba:samba:4</cpe></service></port>
<port protocol="tcp" portid="8080"><state state="open" reason="syn-ack" reason_ttl="64"/><service name="http" product="BaseHTTPServer" version="0.6" extrainfo="Python 3.9.2" method="probed" conf="10"><cpe>cpe:/a:python:python:3.9.2</cpe></service><script id="http-server-header" output="BaseHTTP/0.6 Python/3.9.2"><elem>BaseHTTP/0.6 Python/3.9.2</elem>
</script><script id="http-open-proxy" output="Proxy might be redirecting requests"/><script id="http-title" output="Registration Form"><elem key="title">Registration Form</elem>
</script></port>
<port protocol="tcp" portid="12111"><state state="open" reason="syn-ack" reason_ttl="64"/><service name="unknown" servicefp="SF-Port12111-TCP:V=7.98%I=7%D=2/4%Time=69836B44%P=x86_64-pc-linux-gnu%r(NULL,35,&quot;Write\x20secret\x20phrase\x20to\x20open\x20the\x20service\x20to\x20the\x20world\n&quot;)%r(GenericLines,53,&quot;Write\x20secret\x20phrase\x20to\x20open\x20the\x20service\x20to\x20the\x20world\nWrong\x20secret\.\x20Leave\x20me\x20alone\.\n&quot;)%r(GetRequest,53,&quot;Write\x20secret\x20phrase\x20to\x20open\x20the\x20service\x20to\x20the\x20world\nWrong\x20secret\.\x20Leave\x20me\x20alone\.\n&quot;)%r(HTTPOptions,53,&quot;Write\x20secret\x20phrase\x20to\x20open\x20the\x20service\x20to\x20the\x20world\nWrong\x20secret\.\x20Leave\x20me\x20alone\.\n&quot;)%r(RTSPRequest,53,&quot;Write\x20secret\x20phrase\x20to\x20open\x20the\x20service\x20to\x20the\x20world\nWrong\x20secret\.\x20Leave\x20me\x20alone\.\n&quot;)%r(RPCCheck,35,&quot;Write\x20secret\x20phrase\x20to\x20open\x20the\x20service\x20to\x20the\x20world\n&quot;)%r(DNSVersionBindReqTCP,53,&quot;Write\x20secret\x20phrase\x20to\x20open\x20the\x20service\x20to\x20the\x20world\nWrong\x20secret\.\x20Leave\x20me\x20alone\.\n&quot;)%r(DNSStatusRequestTCP,53,&quot;Write\x20secret\x20phrase\x20to\x20open\x20the\x20service\x20to\x20the\x20world\nWrong\x20secret\.\x20Leave\x20me\x20alone\.\n&quot;)%r(Help,53,&quot;Write\x20secret\x20phrase\x20to\x20open\x20the\x20service\x20to\x20the\x20world\nWrong\x20secret\.\x20Leave\x20me\x20alone\.\n&quot;)%r(SSLSessionReq,35,&quot;Write\x20secret\x20phrase\x20to\x20open\x20the\x20service\x20to\x20the\x20world\n&quot;)%r(TerminalServerCookie,35,&quot;Write\x20secret\x20phrase\x20to\x20open\x20the\x20service\x20to\x20the\x20world\n&quot;)%r(TLSSessionReq,35,&quot;Write\x20secret\x20phrase\x20to\x20open\x20the\x20service\x20to\x20the\x20world\n&quot;)%r(Kerberos,35,&quot;Write\x20secret\x20phrase\x20to\x20open\x20the\x20service\x20to\x20the\x20world\n&quot;)%r(SMBProgNeg,35,&quot;Write\x20secret\x20phrase\x20to\x20open\x20the\x20service\x20to\x20the\x20world\n&quot;)%r(X11Probe,53,&quot;Write\x20secret\x20phrase\x20to\x20open\x20the\x20service\x20to\x20the\x20world\nWrong\x20secret\.\x20Leave\x20me\x20alone\.\n&quot;)%r(FourOhFourRequest,53,&quot;Write\x20secret\x20phrase\x20to\x20open\x20the\x20service\x20to\x20the\x20world\nWrong\x20secret\.\x20Leave\x20me\x20alone\.\n&quot;);" method="table" conf="3"/><script id="fingerprint-strings" output="&#xa;  DNSStatusRequestTCP, DNSVersionBindReqTCP, FourOhFourRequest, GenericLines, GetRequest, HTTPOptions, Help, RTSPRequest, X11Probe: &#xa;    Write secret phrase to open the service to the world&#xa;    Wrong secret. Leave me alone.&#xa;  Kerberos, NULL, RPCCheck, SMBProgNeg, SSLSessionReq, TLSSessionReq, TerminalServerCookie: &#xa;    Write secret phrase to open the service to the world"><elem key="DNSStatusRequestTCP, DNSVersionBindReqTCP, FourOhFourRequest, GenericLines, GetRequest, HTTPOptions, Help, RTSPRequest, X11Probe">&#xa;    Write secret phrase to open the service to the world&#xa;    Wrong secret. Leave me alone.</elem>
<elem key="Kerberos, NULL, RPCCheck, SMBProgNeg, SSLSessionReq, TLSSessionReq, TerminalServerCookie">&#xa;    Write secret phrase to open the service to the world</elem>
</script></port>
</ports>
<os><portused state="open" proto="tcp" portid="139"/>
<portused state="closed" proto="tcp" portid="1"/>
<portused state="closed" proto="udp" portid="41956"/>
<osmatch name="Linux 4.15 - 5.19" accuracy="100" line="70534">
<osclass type="general purpose" vendor="Linux" osfamily="Linux" osgen="4.X" accuracy="100"><cpe>cpe:/o:linux:linux_kernel:4</cpe></osclass>
<osclass type="general purpose" vendor="Linux" osfamily="Linux" osgen="5.X" accuracy="100"><cpe>cpe:/o:linux:linux_kernel:5</cpe></osclass>
</osmatch>
<osmatch name="OpenWrt 21.02 (Linux 5.4)" accuracy="100" line="72530">
<osclass type="general purpose" vendor="Linux" osfamily="Linux" osgen="5.X" accuracy="100"><cpe>cpe:/o:linux:linux_kernel:5.4</cpe></osclass>
</osmatch>
<osmatch name="MikroTik RouterOS 7.2 - 7.5 (Linux 5.6.3)" accuracy="100" line="91792">
<osclass type="router" vendor="MikroTik" osfamily="RouterOS" osgen="7.X" accuracy="100"><cpe>cpe:/o:mikrotik:routeros:7</cpe></osclass>
<osclass type="router" vendor="Linux" osfamily="Linux" osgen="5.X" accuracy="100"><cpe>cpe:/o:linux:linux_kernel:5.6.3</cpe></osclass>
</osmatch>
</os>
<uptime seconds="1007636" lastboot="Fri Jan 23 18:58:51 2026"/>
<distance value="1"/>
<tcpsequence index="262" difficulty="Good luck!" values="23F10603,7566F6BC,EC2DF031,FB76DB63,7FA855B3,BFF74CDE"/>
<ipidsequence class="All zeros" values="0,0,0,0,0,0"/>
<tcptssequence class="1000HZ" values="3C0F37E1,3C0F3846,3C0F38AA,3C0F390E,3C0F3972,3C0F39D6"/>
<hostscript><script id="smb2-time" output="&#xa;  date: 2026-02-04T15:52:42&#xa;  start_date: N/A"><elem key="date">2026-02-04T15:52:42</elem>
<elem key="start_date">N/A</elem>
</script><script id="smb2-security-mode" output="&#xa;  3.1.1: &#xa;    Message signing enabled but not required"><table key="3.1.1">
<elem>Message signing enabled but not required</elem>
</table>
</script><script id="clock-skew" output="-1s"><elem key="count">1</elem>
<elem key="stddev">0</elem>
<elem key="mean">-1</elem>
<elem key="median">-1</elem>
</script></hostscript><times srtt="502" rttvar="201" to="100000"/>
</host>
<runstats><finished time="1770220367" timestr="Wed Feb  4 10:52:47 2026" summary="Nmap done at Wed Feb  4 10:52:47 2026; 1 IP address (1 host up) scanned in 23.32 seconds" elapsed="23.32" exit="success"/><hosts up="1" down="0" total="1"/>
</runstats>
</nmaprun>
