<?xml version="1.0" encoding="UTF-8"?>
<!DOCTYPE nmaprun>
<?xml-stylesheet href="file:///usr/share/nmap/nmap.xsl" type="text/xsl"?>
<!-- Nmap 7.98 scan initiated Wed Feb  4 12:26:50 2026 as: /usr/lib/nmap/nmap -sS -sV -sC -p- -T4 -&#45;min-rate 1000 -&#45;open -oA /root/Documents/SeeTheSploitable_78/scans/full_scan_restart 192.168.122.236 -->
<nmaprun scanner="nmap" args="/usr/lib/nmap/nmap -sS -sV -sC -p- -T4 -&#45;min-rate 1000 -&#45;open -oA /root/Documents/SeeTheSploitable_78/scans/full_scan_restart 192.168.122.236" start="1770226010" startstr="Wed Feb  4 12:26:50 2026" version="7.98" xmloutputversion="1.05">
<scaninfo type="syn" protocol="tcp" numservices="65535" services="1-65535"/>
<verbose level="0"/>
<debugging level="0"/>
<hosthint><status state="up" reason="arp-response" reason_ttl="0"/>
<address addr="192.168.122.236" addrtype="ipv4"/>
<address addr="52:54:00:F9:F3:5A" addrtype="mac" vendor="QEMU virtual NIC"/>
<hostnames>
</hostnames>
</hosthint>
<runstats><finished time="1770226016" timestr="Wed Feb  4 12:26:56 2026" summary="Nmap done at Wed Feb  4 12:26:56 2026; 1 IP address (1 host up) scanned in 5.97 seconds" elapsed="5.97" exit="success"/><hosts up="1" down="0" total="1"/>
</runstats>
</nmaprun>
